id,Name,Email,Body
8,et omnis dolorem,Mallory_Kunze@marie.org,"ut voluptatem corrupti velit
ad voluptatem maiores
et nisi velit vero accusamus maiores
voluptates quia aliquid ullam eaque"
102,officia ullam ut neque earum ipsa et fuga,Lottie.Zieme@ruben.us,"aut dolorem quos ut non
aliquam unde iure minima quod ullam qui
fugiat molestiae tempora voluptate vel labore
saepe animi et vitae numquam ipsa"
42,nam qui et,Shemar@ewell.name,"aut culpa quaerat veritatis eos debitis
aut repellat eius explicabo et
officiis quo sint at magni ratione et iure
incidunt quo sequi quia dolorum beatae qui"
32,dolorem architecto ut pariatur quae qui suscipit,Maria@laurel.name,"nihil ea itaque libero illo
officiis quo quo dicta inventore consequatur voluptas voluptatem
corporis sed necessitatibus velit tempore
rerum velit et temporibus"
61,quidem itaque dolores quod laborum aliquid molestiae,Aurelio.Pfeffer@griffin.ca,"deserunt cumque laudantium
et et odit quia sint quia quidem
quibusdam debitis fuga in tempora deleniti
impedit consequatur veniam reiciendis autem porro minima"
56,et dolorem corrupti sed molestias,Vince_Crist@heidi.biz,"cum esse odio nihil reiciendis illum quaerat
est facere quia
occaecati sit totam fugiat in beatae
ut occaecati unde vitae nihil quidem consequatur"
