id,Имя,Email,Текст,Время
90,eum voluptas dolores molestias odio amet repellendus,Sandy.Erdman@sabina.info,"vitae cupiditate excepturi eum veniam laudantium aspernatur blanditiis
aspernatur quia ut assumenda et magni enim magnam
in voluptate tempora
non qui voluptatem reprehenderit porro qui voluptatibus","09/12/2023, 11:01"
160,sint fugit esse,Mitchel.Williamson@fletcher.io,"non reprehenderit aut sed quos est ad voluptatum
est ut est dignissimos ut dolores consequuntur
debitis aspernatur consequatur est
porro nulla laboriosam repellendus et nesciunt est libero placeat","09/12/2023, 11:01"
12,modi ut eos dolores illum nam dolor,Oswald.Vandervort@leanne.org,"expedita maiores dignissimos facilis
ipsum est rem est fugit velit sequi
eum odio dolores dolor totam
occaecati ratione eius rem velit","09/12/2023, 11:05"
